Hashtag,NumberofMentions,EngagementRate,Reach
#Foodie,800,90,150000
#FashionTrends,680,90,135000
#Fashionista,690,91,135000
#Music,550,88,130000
#MusicFestival,610,89,130000
#MusicLovers,620,90,130000
#Business,550,87,125000
#BusinessTips,570,88,125000
#Fashion,700,85,120000
#Traveling,520,88,120000
#Adventure,510,86,120000
#Nature,650,85,115000
#FitnessTips,530,86,115000
#FitnessJourney,550,88,115000
#Technology,600,82,110000
#Health,600,84,110000
#GamingCommunity,540,85,110000
#HealthyLiving,600,85,110000
#Gamers,560,85,110000
#HealthyLifestyle,610,86,110000
#Cooking,520,85,105000
#CookingRecipes,520,83,105000
#CookingTips,540,84,105000
#Travel,500,80,100000
#Education,470,81,100000
#EducationNews,480,82,100000
