Hashtag,NumberofMentions,EngagementRate (%),Reach
#Travel,500,80,100000
#Foodie,800,90,150000
#Fitness,400,75,80000
#Fashion,700,85,120000
#Technology,600,82,110000
#Photography,450,78,90000
#Art,300,70,60000
#Music,550,88,130000
#Nature,650,85,115000
#Books,350,76,70000
#Gaming,480,82,95000
#Cooking,520,85,105000
#Movies,430,79,85000
#Pets,420,77,82000
#DIY,380,73,75000
#Health,600,84,110000
#Business,550,87,125000
#Education,470,81,100000
#Traveling,520,88,120000
#TechnologyNews,400,76,85000
#FashionTrends,680,90,135000
#FitnessTips,530,86,115000
#PhotographyTips,350,75,70000
#MusicFestival,610,89,130000
#ArtGallery,480,82,95000
#BookClub,400,78,80000
#GamingCommunity,540,85,110000
#CookingRecipes,520,83,105000
#MovieReviews,450,79,85000
#PetLovers,420,77,82000
#DIYProjects,390,74,75000
#HealthyLiving,600,85,110000
#BusinessTips,570,88,125000
#EducationNews,480,82,100000
#Adventure,510,86,120000
#TechUpdates,420,77,85000
#Fashionista,690,91,135000
#FitnessJourney,550,88,115000
#Photographer,360,76,70000
#MusicLovers,620,90,130000
#Artistic,470,82,95000
#Reading,420,78,80000
#Gamers,560,85,110000
#CookingTips,540,84,105000
#MovieBuff,460,80,85000
#AnimalLovers,430,78,82000
#Crafts,400,75,75000
#HealthyLifestyle,610,86,110000
